username,password
j2ee,j2ee
xxx,xxx
j2ee,j2ee
j2ee,j2ee
j2ee,j2ee
j2ee,j2ee
j2ee,j2ee
j2ee,j2ee
j2ee,j2ee
j2ee,j2ee
j2ee,j2ee
j2ee,j2ee
j2ee,j2ee
j2ee,j2ee
j2ee,j2ee
j2ee,j2ee
j2ee,j2ee
j2ee,j2ee
j2ee,j2ee
j2ee,j2ee
j2ee,j2ee
j2ee,j2ee
j2ee,j2ee
j2ee,j2ee
j2ee,j2ee
j2ee,j2ee
j2ee,j2ee
j2ee,j2ee
j2ee,j2ee
j2ee,j2ee
j2ee,j2ee
j2ee,j2ee
j2ee,j2ee
j2ee,j2ee
j2ee,j2ee
j2ee,j2ee
j2ee,j2ee
j2ee,j2ee
j2ee,j2ee
j2ee,j2ee
j2ee,j2ee
j2ee,j2ee
j2ee,j2ee
j2ee,j2ee
j2ee,j2ee
j2ee,j2ee
j2ee,j2ee
j2ee,j2ee
j2ee,j2ee
j2ee,j2ee
j2ee,j2ee
j2ee,j2ee
j2ee,j2ee
j2ee,j2ee
j2ee,j2ee
j2ee,j2ee
j2ee,j2ee
j2ee,j2ee
j2ee,j2ee
j2ee,j2ee
j2ee,j2ee
j2ee,j2ee
j2ee,j2ee
j2ee,j2ee
j2ee,j2ee
j2ee,j2ee
j2ee,j2ee
j2ee,j2ee
j2ee,j2ee
j2ee,j2ee
j2ee,j2ee
j2ee,j2ee
j2ee,j2ee
j2ee,j2ee
j2ee,j2ee
j2ee,j2ee
j2ee,j2ee
j2ee,j2ee
j2ee,j2ee
j2ee,j2ee
j2ee,j2ee
j2ee,j2ee
j2ee,j2ee
j2ee,j2ee
j2ee,j2ee
j2ee,j2ee
j2ee,j2ee
j2ee,j2ee
j2ee,j2ee
j2ee,j2ee
j2ee,j2ee
j2ee,j2ee
j2ee,j2ee
j2ee,j2ee
j2ee,j2ee
j2ee,j2ee
j2ee,j2ee
j2ee,j2ee
j2ee,j2ee
j2ee,j2ee
j2ee,j2ee
j2ee,j2ee
j2ee,j2ee
j2ee,j2ee
j2ee,j2ee
j2ee,j2ee
j2ee,j2ee
j2ee,j2ee
j2ee,j2ee
j2ee,j2ee
j2ee,j2ee
j2ee,j2ee
j2ee,j2ee
j2ee,j2ee
